Id,NameTokenId,ImageTokenId,PublishDate
1,16,17,2018-01-28 12:11:21.000
2,18,19,2018-01-29 12:11:21.000
3,20,21,2018-01-30 12:11:21.000
4,22,23,2018-01-31 12:11:21.000
5,24,25,2018-02-01 12:11:21.000
6,26,27,2018-02-02 12:11:21.000
7,28,29,2018-02-03 12:11:21.000
8,30,31,2018-02-04 12:11:21.000
9,32,33,2018-02-05 12:11:21.000
10,34,35,2018-02-06 12:11:21.000
11,36,37,2018-02-07 12:11:21.000
12,38,39,2018-02-08 12:11:21.000
13,40,41,2018-02-09 12:11:21.000
14,42,43,2018-02-10 12:11:21.000
15,44,45,2018-02-11 12:11:21.000
16,46,47,2018-02-12 12:11:21.000
17,48,49,2018-02-13 12:11:21.000
18,50,51,2018-02-14 12:11:21.000
