Id,NameTokenId,AuthorTokenId,File,Order
1,52,53,/Files/7b4c866bbf2a4a23b0b847ebd20addd3.mp3,1
2,54,55,/Files/d2bf57214aa74c5e987ca56c4425ece6.mp3,2
3,56,57,/Files/c5d5322e67cd499ea6b171f2b40a8e42.mp3,3
4,58,59,/Files/1c10885a1a9547fe93001f1ddb942cbc.mp3,4
5,60,61,/Files/e964ce9bf99f4e1aa09593a5afd91f95.mp3,5
6,62,63,/Files/8d9d728caef64b2f94d19a04d99842b7.mp3,7
7,64,65,/Files/023b55119b104ac487058c034137af3e.mp3,8
8,66,67,/Files/6546104caeeb4c13bdc29573583fde84.mp3,9
9,68,69,/Files/e85bf390ad47491f9b1e85250a5735e6.mp3,10
10,70,71,/Files/9ca2033dbb8d4c62949f90e9a4d2e3fe.mp3,11
11,72,73,/Files/502871630f6c4533a3f99d7cd0bcb929.mp3,12
12,74,75,/Files/f4ce35899ce8472da55aa49e56d9529d.mp3,13
13,85,86,/Files/0af4661ff2d448a898631488794c0b64.mp3,6
